{
  "regionsMap": {
    "adjacencyGraph": [
      {
        "node": {
          "id": 0,
          "population": 514711,
          "note": "Newfoundland and Labrador"
        },
        "neighbors": [
          1,
          3,
          6
        ]
      },
      {
        "node": {
          "id": 1,
          "population": 1061900,
          "note": "Nova Scotia and Prince Edward Island"
        },
        "neighbors": [
          0,
          2
        ]
      },
      {
        "node": {
          "id": 2,
          "population": 749623,
          "note": "New Brunswick"
        },
        "neighbors": [
          1,
          3,
          4
        ]
      },
      {
        "node": {
          "id": 3,
          "population": 1668504,
          "note": "Eastern Quebec"
        },
        "neighbors": [
          0,
          2,
          4,
          6
        ]
      },
      {
        "node": {
          "id": 4,
          "population": 5683127,
          "note": "Southern Quebec"
        },
        "neighbors": [
          2,
          3,
          6
        ]
      },
      {
        "node": {
          "id": 5,
          "population": 2347556,
          "note": "Eastern Ontario and Outaouais"
        },
        "neighbors": [
          7,
          8
        ]
      },
      {
        "node": {
          "id": 6,
          "population": 190271,
          "note": "Northern Quebec"
        },
        "neighbors": [
          0,
          3,
          4,
          8
        ]
      },
      {
        "node": {
          "id": 7,
          "population": 10091045,
          "note": "Southern Ontario"
        },
        "neighbors": [
          5,
          8
        ]
      },
      {
        "node": {
          "id": 8,
          "population": 773104,
          "note": "Northern Ontario"
        },
        "neighbors": [
          5,
          6,
          7,
          9
        ]
      },
      {
        "node": {
          "id": 9,
          "population": 1208253,
          "note": "Manitoba"
        },
        "neighbors": [
          8,
          10
        ]
      },
      {
        "node": {
          "id": 10,
          "population": 2059248,
          "note": "Saskatchewan (incl. Province)"
        },
        "neighbors": [
          9,
          11,
          13
        ]
      },
      {
        "node": {
          "id": 11,
          "population": 7297342,
          "note": "Alberta (incl. Province)"
        },
        "neighbors": [
          10,
          12,
          13
        ]
      },
      {
        "node": {
          "id": 12,
          "population": 4399805,
          "note": "British Columbia"
        },
        "neighbors": [
          11,
          13
        ]
      },
      {
        "node": {
          "id": 13,
          "population": 104625,
          "note": "Yukon, Northwest Territories and Nunavut"
        },
        "neighbors": [
          10,
          11,
          12
        ]
      }
    ]
  },
  "bands": [
    {
      "worldId": 105,
      "baseCapacity": 0.65448753489076361145038163158460520207881927490234375,
      "numberOfLots": 2,
      "licenses": [
        {
          "bandName": "UNPAIRED",
          "regionId": 0,
          "id": 0,
          "worldId": 105
        },
        {
          "bandName": "UNPAIRED",
          "regionId": 1,
          "id": 1,
          "worldId": 105
        },
        {
          "bandName": "UNPAIRED",
          "regionId": 2,
          "id": 2,
          "worldId": 105
        },
        {
          "bandName": "UNPAIRED",
          "regionId": 3,
          "id": 3,
          "worldId": 105
        },
        {
          "bandName": "UNPAIRED",
          "regionId": 4,
          "id": 4,
          "worldId": 105
        },
        {
          "bandName": "UNPAIRED",
          "regionId": 5,
          "id": 5,
          "worldId": 105
        },
        {
          "bandName": "UNPAIRED",
          "regionId": 6,
          "id": 6,
          "worldId": 105
        },
        {
          "bandName": "UNPAIRED",
          "regionId": 7,
          "id": 7,
          "worldId": 105
        },
        {
          "bandName": "UNPAIRED",
          "regionId": 8,
          "id": 8,
          "worldId": 105
        },
        {
          "bandName": "UNPAIRED",
          "regionId": 9,
          "id": 9,
          "worldId": 105
        },
        {
          "bandName": "UNPAIRED",
          "regionId": 10,
          "id": 10,
          "worldId": 105
        },
        {
          "bandName": "UNPAIRED",
          "regionId": 11,
          "id": 11,
          "worldId": 105
        },
        {
          "bandName": "UNPAIRED",
          "regionId": 12,
          "id": 12,
          "worldId": 105
        },
        {
          "bandName": "UNPAIRED",
          "regionId": 13,
          "id": 13,
          "worldId": 105
        },
        {
          "bandName": "UNPAIRED",
          "regionId": 0,
          "id": 14,
          "worldId": 105
        },
        {
          "bandName": "UNPAIRED",
          "regionId": 1,
          "id": 15,
          "worldId": 105
        },
        {
          "bandName": "UNPAIRED",
          "regionId": 2,
          "id": 16,
          "worldId": 105
        },
        {
          "bandName": "UNPAIRED",
          "regionId": 3,
          "id": 17,
          "worldId": 105
        },
        {
          "bandName": "UNPAIRED",
          "regionId": 4,
          "id": 18,
          "worldId": 105
        },
        {
          "bandName": "UNPAIRED",
          "regionId": 5,
          "id": 19,
          "worldId": 105
        },
        {
          "bandName": "UNPAIRED",
          "regionId": 6,
          "id": 20,
          "worldId": 105
        },
        {
          "bandName": "UNPAIRED",
          "regionId": 7,
          "id": 21,
          "worldId": 105
        },
        {
          "bandName": "UNPAIRED",
          "regionId": 8,
          "id": 22,
          "worldId": 105
        },
        {
          "bandName": "UNPAIRED",
          "regionId": 9,
          "id": 23,
          "worldId": 105
        },
        {
          "bandName": "UNPAIRED",
          "regionId": 10,
          "id": 24,
          "worldId": 105
        },
        {
          "bandName": "UNPAIRED",
          "regionId": 11,
          "id": 25,
          "worldId": 105
        },
        {
          "bandName": "UNPAIRED",
          "regionId": 12,
          "id": 26,
          "worldId": 105
        },
        {
          "bandName": "UNPAIRED",
          "regionId": 13,
          "id": 27,
          "worldId": 105
        }
      ],
      "synergies": {
        "1": 1.1000000000,
        "2": 1.2000000000
      },
      "name": "UNPAIRED"
    },
    {
      "worldId": 105,
      "baseCapacity": 1.552146185168810088583768447278998792171478271484375,
      "numberOfLots": 3,
      "licenses": [
        {
          "bandName": "HIGH_PAIRED",
          "regionId": 0,
          "id": 56,
          "worldId": 105
        },
        {
          "bandName": "HIGH_PAIRED",
          "regionId": 1,
          "id": 57,
          "worldId": 105
        },
        {
          "bandName": "HIGH_PAIRED",
          "regionId": 2,
          "id": 58,
          "worldId": 105
        },
        {
          "bandName": "HIGH_PAIRED",
          "regionId": 3,
          "id": 59,
          "worldId": 105
        },
        {
          "bandName": "HIGH_PAIRED",
          "regionId": 4,
          "id": 60,
          "worldId": 105
        },
        {
          "bandName": "HIGH_PAIRED",
          "regionId": 5,
          "id": 61,
          "worldId": 105
        },
        {
          "bandName": "HIGH_PAIRED",
          "regionId": 6,
          "id": 62,
          "worldId": 105
        },
        {
          "bandName": "HIGH_PAIRED",
          "regionId": 7,
          "id": 63,
          "worldId": 105
        },
        {
          "bandName": "HIGH_PAIRED",
          "regionId": 8,
          "id": 64,
          "worldId": 105
        },
        {
          "bandName": "HIGH_PAIRED",
          "regionId": 9,
          "id": 65,
          "worldId": 105
        },
        {
          "bandName": "HIGH_PAIRED",
          "regionId": 10,
          "id": 66,
          "worldId": 105
        },
        {
          "bandName": "HIGH_PAIRED",
          "regionId": 11,
          "id": 67,
          "worldId": 105
        },
        {
          "bandName": "HIGH_PAIRED",
          "regionId": 12,
          "id": 68,
          "worldId": 105
        },
        {
          "bandName": "HIGH_PAIRED",
          "regionId": 13,
          "id": 69,
          "worldId": 105
        },
        {
          "bandName": "HIGH_PAIRED",
          "regionId": 0,
          "id": 70,
          "worldId": 105
        },
        {
          "bandName": "HIGH_PAIRED",
          "regionId": 1,
          "id": 71,
          "worldId": 105
        },
        {
          "bandName": "HIGH_PAIRED",
          "regionId": 2,
          "id": 72,
          "worldId": 105
        },
        {
          "bandName": "HIGH_PAIRED",
          "regionId": 3,
          "id": 73,
          "worldId": 105
        },
        {
          "bandName": "HIGH_PAIRED",
          "regionId": 4,
          "id": 74,
          "worldId": 105
        },
        {
          "bandName": "HIGH_PAIRED",
          "regionId": 5,
          "id": 75,
          "worldId": 105
        },
        {
          "bandName": "HIGH_PAIRED",
          "regionId": 6,
          "id": 76,
          "worldId": 105
        },
        {
          "bandName": "HIGH_PAIRED",
          "regionId": 7,
          "id": 77,
          "worldId": 105
        },
        {
          "bandName": "HIGH_PAIRED",
          "regionId": 8,
          "id": 78,
          "worldId": 105
        },
        {
          "bandName": "HIGH_PAIRED",
          "regionId": 9,
          "id": 79,
          "worldId": 105
        },
        {
          "bandName": "HIGH_PAIRED",
          "regionId": 10,
          "id": 80,
          "worldId": 105
        },
        {
          "bandName": "HIGH_PAIRED",
          "regionId": 11,
          "id": 81,
          "worldId": 105
        },
        {
          "bandName": "HIGH_PAIRED",
          "regionId": 12,
          "id": 82,
          "worldId": 105
        },
        {
          "bandName": "HIGH_PAIRED",
          "regionId": 13,
          "id": 83,
          "worldId": 105
        },
        {
          "bandName": "HIGH_PAIRED",
          "regionId": 0,
          "id": 84,
          "worldId": 105
        },
        {
          "bandName": "HIGH_PAIRED",
          "regionId": 1,
          "id": 85,
          "worldId": 105
        },
        {
          "bandName": "HIGH_PAIRED",
          "regionId": 2,
          "id": 86,
          "worldId": 105
        },
        {
          "bandName": "HIGH_PAIRED",
          "regionId": 3,
          "id": 87,
          "worldId": 105
        },
        {
          "bandName": "HIGH_PAIRED",
          "regionId": 4,
          "id": 88,
          "worldId": 105
        },
        {
          "bandName": "HIGH_PAIRED",
          "regionId": 5,
          "id": 89,
          "worldId": 105
        },
        {
          "bandName": "HIGH_PAIRED",
          "regionId": 6,
          "id": 90,
          "worldId": 105
        },
        {
          "bandName": "HIGH_PAIRED",
          "regionId": 7,
          "id": 91,
          "worldId": 105
        },
        {
          "bandName": "HIGH_PAIRED",
          "regionId": 8,
          "id": 92,
          "worldId": 105
        },
        {
          "bandName": "HIGH_PAIRED",
          "regionId": 9,
          "id": 93,
          "worldId": 105
        },
        {
          "bandName": "HIGH_PAIRED",
          "regionId": 10,
          "id": 94,
          "worldId": 105
        },
        {
          "bandName": "HIGH_PAIRED",
          "regionId": 11,
          "id": 95,
          "worldId": 105
        },
        {
          "bandName": "HIGH_PAIRED",
          "regionId": 12,
          "id": 96,
          "worldId": 105
        },
        {
          "bandName": "HIGH_PAIRED",
          "regionId": 13,
          "id": 97,
          "worldId": 105
        }
      ],
      "synergies": {
        "1": 1.1000000000,
        "2": 1.2000000000,
        "3": 1.1000000000
      },
      "name": "HIGH_PAIRED"
    },
    {
      "worldId": 105,
      "baseCapacity": 3.900750276248387660160688028554432094097137451171875,
      "numberOfLots": 2,
      "licenses": [
        {
          "bandName": "LOW_PAIRED",
          "regionId": 0,
          "id": 28,
          "worldId": 105
        },
        {
          "bandName": "LOW_PAIRED",
          "regionId": 1,
          "id": 29,
          "worldId": 105
        },
        {
          "bandName": "LOW_PAIRED",
          "regionId": 2,
          "id": 30,
          "worldId": 105
        },
        {
          "bandName": "LOW_PAIRED",
          "regionId": 3,
          "id": 31,
          "worldId": 105
        },
        {
          "bandName": "LOW_PAIRED",
          "regionId": 4,
          "id": 32,
          "worldId": 105
        },
        {
          "bandName": "LOW_PAIRED",
          "regionId": 5,
          "id": 33,
          "worldId": 105
        },
        {
          "bandName": "LOW_PAIRED",
          "regionId": 6,
          "id": 34,
          "worldId": 105
        },
        {
          "bandName": "LOW_PAIRED",
          "regionId": 7,
          "id": 35,
          "worldId": 105
        },
        {
          "bandName": "LOW_PAIRED",
          "regionId": 8,
          "id": 36,
          "worldId": 105
        },
        {
          "bandName": "LOW_PAIRED",
          "regionId": 9,
          "id": 37,
          "worldId": 105
        },
        {
          "bandName": "LOW_PAIRED",
          "regionId": 10,
          "id": 38,
          "worldId": 105
        },
        {
          "bandName": "LOW_PAIRED",
          "regionId": 11,
          "id": 39,
          "worldId": 105
        },
        {
          "bandName": "LOW_PAIRED",
          "regionId": 12,
          "id": 40,
          "worldId": 105
        },
        {
          "bandName": "LOW_PAIRED",
          "regionId": 13,
          "id": 41,
          "worldId": 105
        },
        {
          "bandName": "LOW_PAIRED",
          "regionId": 0,
          "id": 42,
          "worldId": 105
        },
        {
          "bandName": "LOW_PAIRED",
          "regionId": 1,
          "id": 43,
          "worldId": 105
        },
        {
          "bandName": "LOW_PAIRED",
          "regionId": 2,
          "id": 44,
          "worldId": 105
        },
        {
          "bandName": "LOW_PAIRED",
          "regionId": 3,
          "id": 45,
          "worldId": 105
        },
        {
          "bandName": "LOW_PAIRED",
          "regionId": 4,
          "id": 46,
          "worldId": 105
        },
        {
          "bandName": "LOW_PAIRED",
          "regionId": 5,
          "id": 47,
          "worldId": 105
        },
        {
          "bandName": "LOW_PAIRED",
          "regionId": 6,
          "id": 48,
          "worldId": 105
        },
        {
          "bandName": "LOW_PAIRED",
          "regionId": 7,
          "id": 49,
          "worldId": 105
        },
        {
          "bandName": "LOW_PAIRED",
          "regionId": 8,
          "id": 50,
          "worldId": 105
        },
        {
          "bandName": "LOW_PAIRED",
          "regionId": 9,
          "id": 51,
          "worldId": 105
        },
        {
          "bandName": "LOW_PAIRED",
          "regionId": 10,
          "id": 52,
          "worldId": 105
        },
        {
          "bandName": "LOW_PAIRED",
          "regionId": 11,
          "id": 53,
          "worldId": 105
        },
        {
          "bandName": "LOW_PAIRED",
          "regionId": 12,
          "id": 54,
          "worldId": 105
        },
        {
          "bandName": "LOW_PAIRED",
          "regionId": 13,
          "id": 55,
          "worldId": 105
        }
      ],
      "synergies": {
        "1": 1.1000000000,
        "2": 1.2000000000
      },
      "name": "LOW_PAIRED"
    }
  ],
  "modelName": "Multi-Region Value Model",
  "id": 105,
  "implementation": "ch.uzh.ifi.ce.mweiss.specval.model.mrm.MRMWorld"
}